,model,question,sample,score
0,1,0,5.5,83.34
1,1,1,5.5,84.17
2,1,2,5.5,69.42
3,2,0,5.5,89.42
4,2,1,5.5,92.09
5,2,2,5.5,92.42999999999999
6,3,0,5.5,91.57000000000001
7,3,1,5.5,94.59
8,3,2,5.5,95.8
9,4,0,5.5,86.24
10,4,1,5.5,94.16
11,4,2,5.5,94.99
12,5,0,6.5,80.0
13,5,1,5.5,77.81
14,5,2,5.5,80.42
